Tema,Pregunta,Respuesta
General,¿En qué se basa esta dieta?,"La dieta se basa en el control del índice glucémico, priorizando alimentos integrales, proteínas magras, frutas con bajo contenido en azúcar y evitando fritos o azúcares añadidos."
General,¿Puedo comer fuera de casa?,"Sí, siempre que elija opciones saludables como carnes a la plancha, ensaladas con aliños ligeros, pescados al horno y evite fritos, rebozados y bebidas alcohólicas."
General,¿Por qué no puedo beber alcohol?,"El alcohol altera el metabolismo, aumenta el índice glucémico y puede interferir en la pérdida de peso y el control metabólico."
General,¿En qué se basa esta dieta?,"La dieta se basa en el control del índice glucémico, priorizando alimentos integrales, proteínas magras, frutas con bajo contenido en azúcar y evitando fritos o azúcares añadidos."
General,¿Puedo comer fuera de casa?,"Sí, siempre que elija opciones saludables como carnes a la plancha, ensaladas con aliños ligeros, pescados al horno y evite fritos, rebozados y bebidas alcohólicas."
General,¿Por qué no puedo beber alcohol?,"El alcohol altera el metabolismo, aumenta el índice glucémico y puede interferir en la pérdida de peso y el control metabólico."
General,¿En qué se basa esta dieta?,"La dieta se basa en el control del índice glucémico, priorizando alimentos integrales, proteínas magras, frutas con bajo contenido en azúcar y evitando fritos o azúcares añadidos."
General,¿Puedo comer fuera de casa?,"Sí, siempre que elija opciones saludables como carnes a la plancha, ensaladas con aliños ligeros, pescados al horno y evite fritos, rebozados y bebidas alcohólicas."
General,¿Por qué no puedo beber alcohol?,"El alcohol altera el metabolismo, aumenta el índice glucémico y puede interferir en la pérdida de peso y el control metabólico."
General,¿En qué se basa esta dieta?,"La dieta se basa en el control del índice glucémico, priorizando alimentos integrales, proteínas magras, frutas con bajo contenido en azúcar y evitando fritos o azúcares añadidos."
General,¿Puedo comer fuera de casa?,"Sí, siempre que elija opciones saludables como carnes a la plancha, ensaladas con aliños ligeros, pescados al horno y evite fritos, rebozados y bebidas alcohólicas."
General,¿Por qué no puedo beber alcohol?,"El alcohol altera el metabolismo, aumenta el índice glucémico y puede interferir en la pérdida de peso y el control metabólico."
General,¿En qué se basa esta dieta?,"La dieta se basa en el control del índice glucémico, priorizando alimentos integrales, proteínas magras, frutas con bajo contenido en azúcar y evitando fritos o azúcares añadidos."
General,¿Puedo comer fuera de casa?,"Sí, siempre que elija opciones saludables como carnes a la plancha, ensaladas con aliños ligeros, pescados al horno y evite fritos, rebozados y bebidas alcohólicas."
General,¿Por qué no puedo beber alcohol?,"El alcohol altera el metabolismo, aumenta el índice glucémico y puede interferir en la pérdida de peso y el control metabólico."
General,¿En qué se basa esta dieta?,"La dieta se basa en el control del índice glucémico, priorizando alimentos integrales, proteínas magras, frutas con bajo contenido en azúcar y evitando fritos o azúcares añadidos."
General,¿Puedo comer fuera de casa?,"Sí, siempre que elija opciones saludables como carnes a la plancha, ensaladas con aliños ligeros, pescados al horno y evite fritos, rebozados y bebidas alcohólicas."
General,¿Por qué no puedo beber alcohol?,"El alcohol altera el metabolismo, aumenta el índice glucémico y puede interferir en la pérdida de peso y el control metabólico."
General,¿En qué se basa esta dieta?,"La dieta se basa en el control del índice glucémico, priorizando alimentos integrales, proteínas magras, frutas con bajo contenido en azúcar y evitando fritos o azúcares añadidos."
General,¿Puedo comer fuera de casa?,"Sí, siempre que elija opciones saludables como carnes a la plancha, ensaladas con aliños ligeros, pescados al horno y evite fritos, rebozados y bebidas alcohólicas."
General,¿Por qué no puedo beber alcohol?,"El alcohol altera el metabolismo, aumenta el índice glucémico y puede interferir en la pérdida de peso y el control metabólico."
General,¿En qué se basa esta dieta?,"La dieta se basa en el control del índice glucémico, priorizando alimentos integrales, proteínas magras, frutas con bajo contenido en azúcar y evitando fritos o azúcares añadidos."
General,¿Puedo comer fuera de casa?,"Sí, siempre que elija opciones saludables como carnes a la plancha, ensaladas con aliños ligeros, pescados al horno y evite fritos, rebozados y bebidas alcohólicas."
General,¿Por qué no puedo beber alcohol?,"El alcohol altera el metabolismo, aumenta el índice glucémico y puede interferir en la pérdida de peso y el control metabólico."
General,¿En qué se basa esta dieta?,"La dieta se basa en el control del índice glucémico, priorizando alimentos integrales, proteínas magras, frutas con bajo contenido en azúcar y evitando fritos o azúcares añadidos."
General,¿Puedo comer fuera de casa?,"Sí, siempre que elija opciones saludables como carnes a la plancha, ensaladas con aliños ligeros, pescados al horno y evite fritos, rebozados y bebidas alcohólicas."
General,¿Por qué no puedo beber alcohol?,"El alcohol altera el metabolismo, aumenta el índice glucémico y puede interferir en la pérdida de peso y el control metabólico."
General,¿En qué se basa esta dieta?,"La dieta se basa en el control del índice glucémico, priorizando alimentos integrales, proteínas magras, frutas con bajo contenido en azúcar y evitando fritos o azúcares añadidos."
General,¿Puedo comer fuera de casa?,"Sí, siempre que elija opciones saludables como carnes a la plancha, ensaladas con aliños ligeros, pescados al horno y evite fritos, rebozados y bebidas alcohólicas."
General,¿Por qué no puedo beber alcohol?,"El alcohol altera el metabolismo, aumenta el índice glucémico y puede interferir en la pérdida de peso y el control metabólico."
General,¿En qué se basa esta dieta?,"La dieta se basa en el control del índice glucémico, priorizando alimentos integrales, proteínas magras, frutas con bajo contenido en azúcar y evitando fritos o azúcares añadidos."
General,¿Puedo comer fuera de casa?,"Sí, siempre que elija opciones saludables como carnes a la plancha, ensaladas con aliños ligeros, pescados al horno y evite fritos, rebozados y bebidas alcohólicas."
General,¿Por qué no puedo beber alcohol?,"El alcohol altera el metabolismo, aumenta el índice glucémico y puede interferir en la pérdida de peso y el control metabólico."
General,¿En qué se basa esta dieta?,"La dieta se basa en el control del índice glucémico, priorizando alimentos integrales, proteínas magras, frutas con bajo contenido en azúcar y evitando fritos o azúcares añadidos."
General,¿Puedo comer fuera de casa?,"Sí, siempre que elija opciones saludables como carnes a la plancha, ensaladas con aliños ligeros, pescados al horno y evite fritos, rebozados y bebidas alcohólicas."
General,¿Por qué no puedo beber alcohol?,"El alcohol altera el metabolismo, aumenta el índice glucémico y puede interferir en la pérdida de peso y el control metabólico."
General,¿En qué se basa esta dieta?,"La dieta se basa en el control del índice glucémico, priorizando alimentos integrales, proteínas magras, frutas con bajo contenido en azúcar y evitando fritos o azúcares añadidos."
General,¿Puedo comer fuera de casa?,"Sí, siempre que elija opciones saludables como carnes a la plancha, ensaladas con aliños ligeros, pescados al horno y evite fritos, rebozados y bebidas alcohólicas."
General,¿Por qué no puedo beber alcohol?,"El alcohol altera el metabolismo, aumenta el índice glucémico y puede interferir en la pérdida de peso y el control metabólico."
General,¿En qué se basa esta dieta?,"La dieta se basa en el control del índice glucémico, priorizando alimentos integrales, proteínas magras, frutas con bajo contenido en azúcar y evitando fritos o azúcares añadidos."
General,¿Puedo comer fuera de casa?,"Sí, siempre que elija opciones saludables como carnes a la plancha, ensaladas con aliños ligeros, pescados al horno y evite fritos, rebozados y bebidas alcohólicas."
General,¿Por qué no puedo beber alcohol?,"El alcohol altera el metabolismo, aumenta el índice glucémico y puede interferir en la pérdida de peso y el control metabólico."
General,¿En qué se basa esta dieta?,"La dieta se basa en el control del índice glucémico, priorizando alimentos integrales, proteínas magras, frutas con bajo contenido en azúcar y evitando fritos o azúcares añadidos."
General,¿Puedo comer fuera de casa?,"Sí, siempre que elija opciones saludables como carnes a la plancha, ensaladas con aliños ligeros, pescados al horno y evite fritos, rebozados y bebidas alcohólicas."
General,¿Por qué no puedo beber alcohol?,"El alcohol altera el metabolismo, aumenta el índice glucémico y puede interferir en la pérdida de peso y el control metabólico."
General,¿En qué se basa esta dieta?,"La dieta se basa en el control del índice glucémico, priorizando alimentos integrales, proteínas magras, frutas con bajo contenido en azúcar y evitando fritos o azúcares añadidos."
General,¿Puedo comer fuera de casa?,"Sí, siempre que elija opciones saludables como carnes a la plancha, ensaladas con aliños ligeros, pescados al horno y evite fritos, rebozados y bebidas alcohólicas."
General,¿Por qué no puedo beber alcohol?,"El alcohol altera el metabolismo, aumenta el índice glucémico y puede interferir en la pérdida de peso y el control metabólico."
General,¿En qué se basa esta dieta?,"La dieta se basa en el control del índice glucémico, priorizando alimentos integrales, proteínas magras, frutas con bajo contenido en azúcar y evitando fritos o azúcares añadidos."
General,¿Puedo comer fuera de casa?,"Sí, siempre que elija opciones saludables como carnes a la plancha, ensaladas con aliños ligeros, pescados al horno y evite fritos, rebozados y bebidas alcohólicas."
General,¿Por qué no puedo beber alcohol?,"El alcohol altera el metabolismo, aumenta el índice glucémico y puede interferir en la pérdida de peso y el control metabólico."
General,¿En qué se basa esta dieta?,"La dieta se basa en el control del índice glucémico, priorizando alimentos integrales, proteínas magras, frutas con bajo contenido en azúcar y evitando fritos o azúcares añadidos."
General,¿Puedo comer fuera de casa?,"Sí, siempre que elija opciones saludables como carnes a la plancha, ensaladas con aliños ligeros, pescados al horno y evite fritos, rebozados y bebidas alcohólicas."
General,¿Por qué no puedo beber alcohol?,"El alcohol altera el metabolismo, aumenta el índice glucémico y puede interferir en la pérdida de peso y el control metabólico."
General,¿En qué se basa esta dieta?,"La dieta se basa en el control del índice glucémico, priorizando alimentos integrales, proteínas magras, frutas con bajo contenido en azúcar y evitando fritos o azúcares añadidos."
General,¿Puedo comer fuera de casa?,"Sí, siempre que elija opciones saludables como carnes a la plancha, ensaladas con aliños ligeros, pescados al horno y evite fritos, rebozados y bebidas alcohólicas."
General,¿Por qué no puedo beber alcohol?,"El alcohol altera el metabolismo, aumenta el índice glucémico y puede interferir en la pérdida de peso y el control metabólico."
General,¿En qué se basa esta dieta?,"La dieta se basa en el control del índice glucémico, priorizando alimentos integrales, proteínas magras, frutas con bajo contenido en azúcar y evitando fritos o azúcares añadidos."
General,¿Puedo comer fuera de casa?,"Sí, siempre que elija opciones saludables como carnes a la plancha, ensaladas con aliños ligeros, pescados al horno y evite fritos, rebozados y bebidas alcohólicas."
General,¿Por qué no puedo beber alcohol?,"El alcohol altera el metabolismo, aumenta el índice glucémico y puede interferir en la pérdida de peso y el control metabólico."
General,¿En qué se basa esta dieta?,"La dieta se basa en el control del índice glucémico, priorizando alimentos integrales, proteínas magras, frutas con bajo contenido en azúcar y evitando fritos o azúcares añadidos."
General,¿Puedo comer fuera de casa?,"Sí, siempre que elija opciones saludables como carnes a la plancha, ensaladas con aliños ligeros, pescados al horno y evite fritos, rebozados y bebidas alcohólicas."
General,¿Por qué no puedo beber alcohol?,"El alcohol altera el metabolismo, aumenta el índice glucémico y puede interferir en la pérdida de peso y el control metabólico."
General,¿En qué se basa esta dieta?,"La dieta se basa en el control del índice glucémico, priorizando alimentos integrales, proteínas magras, frutas con bajo contenido en azúcar y evitando fritos o azúcares añadidos."
General,¿Puedo comer fuera de casa?,"Sí, siempre que elija opciones saludables como carnes a la plancha, ensaladas con aliños ligeros, pescados al horno y evite fritos, rebozados y bebidas alcohólicas."
General,¿Por qué no puedo beber alcohol?,"El alcohol altera el metabolismo, aumenta el índice glucémico y puede interferir en la pérdida de peso y el control metabólico."
General,¿En qué se basa esta dieta?,"La dieta se basa en el control del índice glucémico, priorizando alimentos integrales, proteínas magras, frutas con bajo contenido en azúcar y evitando fritos o azúcares añadidos."
General,¿Puedo comer fuera de casa?,"Sí, siempre que elija opciones saludables como carnes a la plancha, ensaladas con aliños ligeros, pescados al horno y evite fritos, rebozados y bebidas alcohólicas."
General,¿Por qué no puedo beber alcohol?,"El alcohol altera el metabolismo, aumenta el índice glucémico y puede interferir en la pérdida de peso y el control metabólico."
General,¿En qué se basa esta dieta?,"La dieta se basa en el control del índice glucémico, priorizando alimentos integrales, proteínas magras, frutas con bajo contenido en azúcar y evitando fritos o azúcares añadidos."
General,¿Puedo comer fuera de casa?,"Sí, siempre que elija opciones saludables como carnes a la plancha, ensaladas con aliños ligeros, pescados al horno y evite fritos, rebozados y bebidas alcohólicas."
General,¿Por qué no puedo beber alcohol?,"El alcohol altera el metabolismo, aumenta el índice glucémico y puede interferir en la pérdida de peso y el control metabólico."
General,¿En qué se basa esta dieta?,"La dieta se basa en el control del índice glucémico, priorizando alimentos integrales, proteínas magras, frutas con bajo contenido en azúcar y evitando fritos o azúcares añadidos."
General,¿Puedo comer fuera de casa?,"Sí, siempre que elija opciones saludables como carnes a la plancha, ensaladas con aliños ligeros, pescados al horno y evite fritos, rebozados y bebidas alcohólicas."
General,¿Por qué no puedo beber alcohol?,"El alcohol altera el metabolismo, aumenta el índice glucémico y puede interferir en la pérdida de peso y el control metabólico."
General,¿En qué se basa esta dieta?,"La dieta se basa en el control del índice glucémico, priorizando alimentos integrales, proteínas magras, frutas con bajo contenido en azúcar y evitando fritos o azúcares añadidos."
General,¿Puedo comer fuera de casa?,"Sí, siempre que elija opciones saludables como carnes a la plancha, ensaladas con aliños ligeros, pescados al horno y evite fritos, rebozados y bebidas alcohólicas."
General,¿Por qué no puedo beber alcohol?,"El alcohol altera el metabolismo, aumenta el índice glucémico y puede interferir en la pérdida de peso y el control metabólico."
General,¿En qué se basa esta dieta?,"La dieta se basa en el control del índice glucémico, priorizando alimentos integrales, proteínas magras, frutas con bajo contenido en azúcar y evitando fritos o azúcares añadidos."
General,¿Puedo comer fuera de casa?,"Sí, siempre que elija opciones saludables como carnes a la plancha, ensaladas con aliños ligeros, pescados al horno y evite fritos, rebozados y bebidas alcohólicas."
General,¿Por qué no puedo beber alcohol?,"El alcohol altera el metabolismo, aumenta el índice glucémico y puede interferir en la pérdida de peso y el control metabólico."
General,¿En qué se basa esta dieta?,"La dieta se basa en el control del índice glucémico, priorizando alimentos integrales, proteínas magras, frutas con bajo contenido en azúcar y evitando fritos o azúcares añadidos."
General,¿Puedo comer fuera de casa?,"Sí, siempre que elija opciones saludables como carnes a la plancha, ensaladas con aliños ligeros, pescados al horno y evite fritos, rebozados y bebidas alcohólicas."
General,¿Por qué no puedo beber alcohol?,"El alcohol altera el metabolismo, aumenta el índice glucémico y puede interferir en la pérdida de peso y el control metabólico."
General,¿En qué se basa esta dieta?,"La dieta se basa en el control del índice glucémico, priorizando alimentos integrales, proteínas magras, frutas con bajo contenido en azúcar y evitando fritos o azúcares añadidos."
General,¿Puedo comer fuera de casa?,"Sí, siempre que elija opciones saludables como carnes a la plancha, ensaladas con aliños ligeros, pescados al horno y evite fritos, rebozados y bebidas alcohólicas."
General,¿Por qué no puedo beber alcohol?,"El alcohol altera el metabolismo, aumenta el índice glucémico y puede interferir en la pérdida de peso y el control metabólico."
General,¿En qué se basa esta dieta?,"La dieta se basa en el control del índice glucémico, priorizando alimentos integrales, proteínas magras, frutas con bajo contenido en azúcar y evitando fritos o azúcares añadidos."
General,¿Puedo comer fuera de casa?,"Sí, siempre que elija opciones saludables como carnes a la plancha, ensaladas con aliños ligeros, pescados al horno y evite fritos, rebozados y bebidas alcohólicas."
General,¿Por qué no puedo beber alcohol?,"El alcohol altera el metabolismo, aumenta el índice glucémico y puede interferir en la pérdida de peso y el control metabólico."
General,¿En qué se basa esta dieta?,"La dieta se basa en el control del índice glucémico, priorizando alimentos integrales, proteínas magras, frutas con bajo contenido en azúcar y evitando fritos o azúcares añadidos."
General,¿Puedo comer fuera de casa?,"Sí, siempre que elija opciones saludables como carnes a la plancha, ensaladas con aliños ligeros, pescados al horno y evite fritos, rebozados y bebidas alcohólicas."
General,¿Por qué no puedo beber alcohol?,"El alcohol altera el metabolismo, aumenta el índice glucémico y puede interferir en la pérdida de peso y el control metabólico."
General,¿En qué se basa esta dieta?,"La dieta se basa en el control del índice glucémico, priorizando alimentos integrales, proteínas magras, frutas con bajo contenido en azúcar y evitando fritos o azúcares añadidos."
General,¿Puedo comer fuera de casa?,"Sí, siempre que elija opciones saludables como carnes a la plancha, ensaladas con aliños ligeros, pescados al horno y evite fritos, rebozados y bebidas alcohólicas."
General,¿Por qué no puedo beber alcohol?,"El alcohol altera el metabolismo, aumenta el índice glucémico y puede interferir en la pérdida de peso y el control metabólico."
General,¿En qué se basa esta dieta?,"La dieta se basa en el control del índice glucémico, priorizando alimentos integrales, proteínas magras, frutas con bajo contenido en azúcar y evitando fritos o azúcares añadidos."
General,¿Puedo comer fuera de casa?,"Sí, siempre que elija opciones saludables como carnes a la plancha, ensaladas con aliños ligeros, pescados al horno y evite fritos, rebozados y bebidas alcohólicas."
General,¿Por qué no puedo beber alcohol?,"El alcohol altera el metabolismo, aumenta el índice glucémico y puede interferir en la pérdida de peso y el control metabólico."
General,¿En qué se basa esta dieta?,"La dieta se basa en el control del índice glucémico, priorizando alimentos integrales, proteínas magras, frutas con bajo contenido en azúcar y evitando fritos o azúcares añadidos."
General,¿Puedo comer fuera de casa?,"Sí, siempre que elija opciones saludables como carnes a la plancha, ensaladas con aliños ligeros, pescados al horno y evite fritos, rebozados y bebidas alcohólicas."
General,¿Por qué no puedo beber alcohol?,"El alcohol altera el metabolismo, aumenta el índice glucémico y puede interferir en la pérdida de peso y el control metabólico."
General,¿En qué se basa esta dieta?,"La dieta se basa en el control del índice glucémico, priorizando alimentos integrales, proteínas magras, frutas con bajo contenido en azúcar y evitando fritos o azúcares añadidos."
General,¿Puedo comer fuera de casa?,"Sí, siempre que elija opciones saludables como carnes a la plancha, ensaladas con aliños ligeros, pescados al horno y evite fritos, rebozados y bebidas alcohólicas."
General,¿Por qué no puedo beber alcohol?,"El alcohol altera el metabolismo, aumenta el índice glucémico y puede interferir en la pérdida de peso y el control metabólico."
General,¿En qué se basa esta dieta?,"La dieta se basa en el control del índice glucémico, priorizando alimentos integrales, proteínas magras, frutas con bajo contenido en azúcar y evitando fritos o azúcares añadidos."
General,¿Puedo comer fuera de casa?,"Sí, siempre que elija opciones saludables como carnes a la plancha, ensaladas con aliños ligeros, pescados al horno y evite fritos, rebozados y bebidas alcohólicas."
General,¿Por qué no puedo beber alcohol?,"El alcohol altera el metabolismo, aumenta el índice glucémico y puede interferir en la pérdida de peso y el control metabólico."
General,¿En qué se basa esta dieta?,"La dieta se basa en el control del índice glucémico, priorizando alimentos integrales, proteínas magras, frutas con bajo contenido en azúcar y evitando fritos o azúcares añadidos."
General,¿Puedo comer fuera de casa?,"Sí, siempre que elija opciones saludables como carnes a la plancha, ensaladas con aliños ligeros, pescados al horno y evite fritos, rebozados y bebidas alcohólicas."
General,¿Por qué no puedo beber alcohol?,"El alcohol altera el metabolismo, aumenta el índice glucémico y puede interferir en la pérdida de peso y el control metabólico."
General,¿En qué se basa esta dieta?,"La dieta se basa en el control del índice glucémico, priorizando alimentos integrales, proteínas magras, frutas con bajo contenido en azúcar y evitando fritos o azúcares añadidos."
General,¿Puedo comer fuera de casa?,"Sí, siempre que elija opciones saludables como carnes a la plancha, ensaladas con aliños ligeros, pescados al horno y evite fritos, rebozados y bebidas alcohólicas."
General,¿Por qué no puedo beber alcohol?,"El alcohol altera el metabolismo, aumenta el índice glucémico y puede interferir en la pérdida de peso y el control metabólico."
General,¿En qué se basa esta dieta?,"La dieta se basa en el control del índice glucémico, priorizando alimentos integrales, proteínas magras, frutas con bajo contenido en azúcar y evitando fritos o azúcares añadidos."
General,¿Puedo comer fuera de casa?,"Sí, siempre que elija opciones saludables como carnes a la plancha, ensaladas con aliños ligeros, pescados al horno y evite fritos, rebozados y bebidas alcohólicas."
General,¿Por qué no puedo beber alcohol?,"El alcohol altera el metabolismo, aumenta el índice glucémico y puede interferir en la pérdida de peso y el control metabólico."
General,¿En qué se basa esta dieta?,"La dieta se basa en el control del índice glucémico, priorizando alimentos integrales, proteínas magras, frutas con bajo contenido en azúcar y evitando fritos o azúcares añadidos."
General,¿Puedo comer fuera de casa?,"Sí, siempre que elija opciones saludables como carnes a la plancha, ensaladas con aliños ligeros, pescados al horno y evite fritos, rebozados y bebidas alcohólicas."
General,¿Por qué no puedo beber alcohol?,"El alcohol altera el metabolismo, aumenta el índice glucémico y puede interferir en la pérdida de peso y el control metabólico."
General,¿En qué se basa esta dieta?,"La dieta se basa en el control del índice glucémico, priorizando alimentos integrales, proteínas magras, frutas con bajo contenido en azúcar y evitando fritos o azúcares añadidos."
General,¿Puedo comer fuera de casa?,"Sí, siempre que elija opciones saludables como carnes a la plancha, ensaladas con aliños ligeros, pescados al horno y evite fritos, rebozados y bebidas alcohólicas."
General,¿Por qué no puedo beber alcohol?,"El alcohol altera el metabolismo, aumenta el índice glucémico y puede interferir en la pérdida de peso y el control metabólico."
General,¿En qué se basa esta dieta?,"La dieta se basa en el control del índice glucémico, priorizando alimentos integrales, proteínas magras, frutas con bajo contenido en azúcar y evitando fritos o azúcares añadidos."
General,¿Puedo comer fuera de casa?,"Sí, siempre que elija opciones saludables como carnes a la plancha, ensaladas con aliños ligeros, pescados al horno y evite fritos, rebozados y bebidas alcohólicas."
General,¿Por qué no puedo beber alcohol?,"El alcohol altera el metabolismo, aumenta el índice glucémico y puede interferir en la pérdida de peso y el control metabólico."
General,¿En qué se basa esta dieta?,"La dieta se basa en el control del índice glucémico, priorizando alimentos integrales, proteínas magras, frutas con bajo contenido en azúcar y evitando fritos o azúcares añadidos."
General,¿Puedo comer fuera de casa?,"Sí, siempre que elija opciones saludables como carnes a la plancha, ensaladas con aliños ligeros, pescados al horno y evite fritos, rebozados y bebidas alcohólicas."
General,¿Por qué no puedo beber alcohol?,"El alcohol altera el metabolismo, aumenta el índice glucémico y puede interferir en la pérdida de peso y el control metabólico."
General,¿En qué se basa esta dieta?,"La dieta se basa en el control del índice glucémico, priorizando alimentos integrales, proteínas magras, frutas con bajo contenido en azúcar y evitando fritos o azúcares añadidos."
General,¿Puedo comer fuera de casa?,"Sí, siempre que elija opciones saludables como carnes a la plancha, ensaladas con aliños ligeros, pescados al horno y evite fritos, rebozados y bebidas alcohólicas."
General,¿Por qué no puedo beber alcohol?,"El alcohol altera el metabolismo, aumenta el índice glucémico y puede interferir en la pérdida de peso y el control metabólico."
General,¿En qué se basa esta dieta?,"La dieta se basa en el control del índice glucémico, priorizando alimentos integrales, proteínas magras, frutas con bajo contenido en azúcar y evitando fritos o azúcares añadidos."
General,¿Puedo comer fuera de casa?,"Sí, siempre que elija opciones saludables como carnes a la plancha, ensaladas con aliños ligeros, pescados al horno y evite fritos, rebozados y bebidas alcohólicas."
General,¿Por qué no puedo beber alcohol?,"El alcohol altera el metabolismo, aumenta el índice glucémico y puede interferir en la pérdida de peso y el control metabólico."
General,¿En qué se basa esta dieta?,"La dieta se basa en el control del índice glucémico, priorizando alimentos integrales, proteínas magras, frutas con bajo contenido en azúcar y evitando fritos o azúcares añadidos."
General,¿Puedo comer fuera de casa?,"Sí, siempre que elija opciones saludables como carnes a la plancha, ensaladas con aliños ligeros, pescados al horno y evite fritos, rebozados y bebidas alcohólicas."
General,¿Por qué no puedo beber alcohol?,"El alcohol altera el metabolismo, aumenta el índice glucémico y puede interferir en la pérdida de peso y el control metabólico."
General,¿En qué se basa esta dieta?,"La dieta se basa en el control del índice glucémico, priorizando alimentos integrales, proteínas magras, frutas con bajo contenido en azúcar y evitando fritos o azúcares añadidos."
General,¿Puedo comer fuera de casa?,"Sí, siempre que elija opciones saludables como carnes a la plancha, ensaladas con aliños ligeros, pescados al horno y evite fritos, rebozados y bebidas alcohólicas."
General,¿Por qué no puedo beber alcohol?,"El alcohol altera el metabolismo, aumenta el índice glucémico y puede interferir en la pérdida de peso y el control metabólico."
General,¿En qué se basa esta dieta?,"La dieta se basa en el control del índice glucémico, priorizando alimentos integrales, proteínas magras, frutas con bajo contenido en azúcar y evitando fritos o azúcares añadidos."
General,¿Puedo comer fuera de casa?,"Sí, siempre que elija opciones saludables como carnes a la plancha, ensaladas con aliños ligeros, pescados al horno y evite fritos, rebozados y bebidas alcohólicas."
General,¿Por qué no puedo beber alcohol?,"El alcohol altera el metabolismo, aumenta el índice glucémico y puede interferir en la pérdida de peso y el control metabólico."
General,¿En qué se basa esta dieta?,"La dieta se basa en el control del índice glucémico, priorizando alimentos integrales, proteínas magras, frutas con bajo contenido en azúcar y evitando fritos o azúcares añadidos."
General,¿Puedo comer fuera de casa?,"Sí, siempre que elija opciones saludables como carnes a la plancha, ensaladas con aliños ligeros, pescados al horno y evite fritos, rebozados y bebidas alcohólicas."
General,¿Por qué no puedo beber alcohol?,"El alcohol altera el metabolismo, aumenta el índice glucémico y puede interferir en la pérdida de peso y el control metabólico."
General,¿En qué se basa esta dieta?,"La dieta se basa en el control del índice glucémico, priorizando alimentos integrales, proteínas magras, frutas con bajo contenido en azúcar y evitando fritos o azúcares añadidos."
General,¿Puedo comer fuera de casa?,"Sí, siempre que elija opciones saludables como carnes a la plancha, ensaladas con aliños ligeros, pescados al horno y evite fritos, rebozados y bebidas alcohólicas."
General,¿Por qué no puedo beber alcohol?,"El alcohol altera el metabolismo, aumenta el índice glucémico y puede interferir en la pérdida de peso y el control metabólico."
General,¿En qué se basa esta dieta?,"La dieta se basa en el control del índice glucémico, priorizando alimentos integrales, proteínas magras, frutas con bajo contenido en azúcar y evitando fritos o azúcares añadidos."
General,¿Puedo comer fuera de casa?,"Sí, siempre que elija opciones saludables como carnes a la plancha, ensaladas con aliños ligeros, pescados al horno y evite fritos, rebozados y bebidas alcohólicas."
General,¿Por qué no puedo beber alcohol?,"El alcohol altera el metabolismo, aumenta el índice glucémico y puede interferir en la pérdida de peso y el control metabólico."
General,¿En qué se basa esta dieta?,"La dieta se basa en el control del índice glucémico, priorizando alimentos integrales, proteínas magras, frutas con bajo contenido en azúcar y evitando fritos o azúcares añadidos."
General,¿Puedo comer fuera de casa?,"Sí, siempre que elija opciones saludables como carnes a la plancha, ensaladas con aliños ligeros, pescados al horno y evite fritos, rebozados y bebidas alcohólicas."
General,¿Por qué no puedo beber alcohol?,"El alcohol altera el metabolismo, aumenta el índice glucémico y puede interferir en la pérdida de peso y el control metabólico."
General,¿En qué se basa esta dieta?,"La dieta se basa en el control del índice glucémico, priorizando alimentos integrales, proteínas magras, frutas con bajo contenido en azúcar y evitando fritos o azúcares añadidos."
General,¿Puedo comer fuera de casa?,"Sí, siempre que elija opciones saludables como carnes a la plancha, ensaladas con aliños ligeros, pescados al horno y evite fritos, rebozados y bebidas alcohólicas."
General,¿Por qué no puedo beber alcohol?,"El alcohol altera el metabolismo, aumenta el índice glucémico y puede interferir en la pérdida de peso y el control metabólico."
General,¿En qué se basa esta dieta?,"La dieta se basa en el control del índice glucémico, priorizando alimentos integrales, proteínas magras, frutas con bajo contenido en azúcar y evitando fritos o azúcares añadidos."
General,¿Puedo comer fuera de casa?,"Sí, siempre que elija opciones saludables como carnes a la plancha, ensaladas con aliños ligeros, pescados al horno y evite fritos, rebozados y bebidas alcohólicas."
General,¿Por qué no puedo beber alcohol?,"El alcohol altera el metabolismo, aumenta el índice glucémico y puede interferir en la pérdida de peso y el control metabólico."
General,¿En qué se basa esta dieta?,"La dieta se basa en el control del índice glucémico, priorizando alimentos integrales, proteínas magras, frutas con bajo contenido en azúcar y evitando fritos o azúcares añadidos."
General,¿Puedo comer fuera de casa?,"Sí, siempre que elija opciones saludables como carnes a la plancha, ensaladas con aliños ligeros, pescados al horno y evite fritos, rebozados y bebidas alcohólicas."
General,¿Por qué no puedo beber alcohol?,"El alcohol altera el metabolismo, aumenta el índice glucémico y puede interferir en la pérdida de peso y el control metabólico."
General,¿En qué se basa esta dieta?,"La dieta se basa en el control del índice glucémico, priorizando alimentos integrales, proteínas magras, frutas con bajo contenido en azúcar y evitando fritos o azúcares añadidos."
General,¿Puedo comer fuera de casa?,"Sí, siempre que elija opciones saludables como carnes a la plancha, ensaladas con aliños ligeros, pescados al horno y evite fritos, rebozados y bebidas alcohólicas."
General,¿Por qué no puedo beber alcohol?,"El alcohol altera el metabolismo, aumenta el índice glucémico y puede interferir en la pérdida de peso y el control metabólico."
General,¿En qué se basa esta dieta?,"La dieta se basa en el control del índice glucémico, priorizando alimentos integrales, proteínas magras, frutas con bajo contenido en azúcar y evitando fritos o azúcares añadidos."
General,¿Puedo comer fuera de casa?,"Sí, siempre que elija opciones saludables como carnes a la plancha, ensaladas con aliños ligeros, pescados al horno y evite fritos, rebozados y bebidas alcohólicas."
General,¿Por qué no puedo beber alcohol?,"El alcohol altera el metabolismo, aumenta el índice glucémico y puede interferir en la pérdida de peso y el control metabólico."
General,¿En qué se basa esta dieta?,"La dieta se basa en el control del índice glucémico, priorizando alimentos integrales, proteínas magras, frutas con bajo contenido en azúcar y evitando fritos o azúcares añadidos."
General,¿Puedo comer fuera de casa?,"Sí, siempre que elija opciones saludables como carnes a la plancha, ensaladas con aliños ligeros, pescados al horno y evite fritos, rebozados y bebidas alcohólicas."
General,¿Por qué no puedo beber alcohol?,"El alcohol altera el metabolismo, aumenta el índice glucémico y puede interferir en la pérdida de peso y el control metabólico."
General,¿En qué se basa esta dieta?,"La dieta se basa en el control del índice glucémico, priorizando alimentos integrales, proteínas magras, frutas con bajo contenido en azúcar y evitando fritos o azúcares añadidos."
General,¿Puedo comer fuera de casa?,"Sí, siempre que elija opciones saludables como carnes a la plancha, ensaladas con aliños ligeros, pescados al horno y evite fritos, rebozados y bebidas alcohólicas."
General,¿Por qué no puedo beber alcohol?,"El alcohol altera el metabolismo, aumenta el índice glucémico y puede interferir en la pérdida de peso y el control metabólico."
General,¿En qué se basa esta dieta?,"La dieta se basa en el control del índice glucémico, priorizando alimentos integrales, proteínas magras, frutas con bajo contenido en azúcar y evitando fritos o azúcares añadidos."
General,¿Puedo comer fuera de casa?,"Sí, siempre que elija opciones saludables como carnes a la plancha, ensaladas con aliños ligeros, pescados al horno y evite fritos, rebozados y bebidas alcohólicas."
General,¿Por qué no puedo beber alcohol?,"El alcohol altera el metabolismo, aumenta el índice glucémico y puede interferir en la pérdida de peso y el control metabólico."
General,¿En qué se basa esta dieta?,"La dieta se basa en el control del índice glucémico, priorizando alimentos integrales, proteínas magras, frutas con bajo contenido en azúcar y evitando fritos o azúcares añadidos."
General,¿Puedo comer fuera de casa?,"Sí, siempre que elija opciones saludables como carnes a la plancha, ensaladas con aliños ligeros, pescados al horno y evite fritos, rebozados y bebidas alcohólicas."
General,¿Por qué no puedo beber alcohol?,"El alcohol altera el metabolismo, aumenta el índice glucémico y puede interferir en la pérdida de peso y el control metabólico."
General,¿En qué se basa esta dieta?,"La dieta se basa en el control del índice glucémico, priorizando alimentos integrales, proteínas magras, frutas con bajo contenido en azúcar y evitando fritos o azúcares añadidos."
General,¿Puedo comer fuera de casa?,"Sí, siempre que elija opciones saludables como carnes a la plancha, ensaladas con aliños ligeros, pescados al horno y evite fritos, rebozados y bebidas alcohólicas."
General,¿Por qué no puedo beber alcohol?,"El alcohol altera el metabolismo, aumenta el índice glucémico y puede interferir en la pérdida de peso y el control metabólico."
General,¿En qué se basa esta dieta?,"La dieta se basa en el control del índice glucémico, priorizando alimentos integrales, proteínas magras, frutas con bajo contenido en azúcar y evitando fritos o azúcares añadidos."
General,¿Puedo comer fuera de casa?,"Sí, siempre que elija opciones saludables como carnes a la plancha, ensaladas con aliños ligeros, pescados al horno y evite fritos, rebozados y bebidas alcohólicas."
General,¿Por qué no puedo beber alcohol?,"El alcohol altera el metabolismo, aumenta el índice glucémico y puede interferir en la pérdida de peso y el control metabólico."
General,¿En qué se basa esta dieta?,"La dieta se basa en el control del índice glucémico, priorizando alimentos integrales, proteínas magras, frutas con bajo contenido en azúcar y evitando fritos o azúcares añadidos."
General,¿Puedo comer fuera de casa?,"Sí, siempre que elija opciones saludables como carnes a la plancha, ensaladas con aliños ligeros, pescados al horno y evite fritos, rebozados y bebidas alcohólicas."
General,¿Por qué no puedo beber alcohol?,"El alcohol altera el metabolismo, aumenta el índice glucémico y puede interferir en la pérdida de peso y el control metabólico."
General,¿En qué se basa esta dieta?,"La dieta se basa en el control del índice glucémico, priorizando alimentos integrales, proteínas magras, frutas con bajo contenido en azúcar y evitando fritos o azúcares añadidos."
General,¿Puedo comer fuera de casa?,"Sí, siempre que elija opciones saludables como carnes a la plancha, ensaladas con aliños ligeros, pescados al horno y evite fritos, rebozados y bebidas alcohólicas."
General,¿Por qué no puedo beber alcohol?,"El alcohol altera el metabolismo, aumenta el índice glucémico y puede interferir en la pérdida de peso y el control metabólico."
General,¿En qué se basa esta dieta?,"La dieta se basa en el control del índice glucémico, priorizando alimentos integrales, proteínas magras, frutas con bajo contenido en azúcar y evitando fritos o azúcares añadidos."
General,¿Puedo comer fuera de casa?,"Sí, siempre que elija opciones saludables como carnes a la plancha, ensaladas con aliños ligeros, pescados al horno y evite fritos, rebozados y bebidas alcohólicas."
General,¿Por qué no puedo beber alcohol?,"El alcohol altera el metabolismo, aumenta el índice glucémico y puede interferir en la pérdida de peso y el control metabólico."
General,¿En qué se basa esta dieta?,"La dieta se basa en el control del índice glucémico, priorizando alimentos integrales, proteínas magras, frutas con bajo contenido en azúcar y evitando fritos o azúcares añadidos."
General,¿Puedo comer fuera de casa?,"Sí, siempre que elija opciones saludables como carnes a la plancha, ensaladas con aliños ligeros, pescados al horno y evite fritos, rebozados y bebidas alcohólicas."
General,¿Por qué no puedo beber alcohol?,"El alcohol altera el metabolismo, aumenta el índice glucémico y puede interferir en la pérdida de peso y el control metabólico."
General,¿En qué se basa esta dieta?,"La dieta se basa en el control del índice glucémico, priorizando alimentos integrales, proteínas magras, frutas con bajo contenido en azúcar y evitando fritos o azúcares añadidos."
General,¿Puedo comer fuera de casa?,"Sí, siempre que elija opciones saludables como carnes a la plancha, ensaladas con aliños ligeros, pescados al horno y evite fritos, rebozados y bebidas alcohólicas."
General,¿Por qué no puedo beber alcohol?,"El alcohol altera el metabolismo, aumenta el índice glucémico y puede interferir en la pérdida de peso y el control metabólico."
General,¿En qué se basa esta dieta?,"La dieta se basa en el control del índice glucémico, priorizando alimentos integrales, proteínas magras, frutas con bajo contenido en azúcar y evitando fritos o azúcares añadidos."
General,¿Puedo comer fuera de casa?,"Sí, siempre que elija opciones saludables como carnes a la plancha, ensaladas con aliños ligeros, pescados al horno y evite fritos, rebozados y bebidas alcohólicas."
General,¿Por qué no puedo beber alcohol?,"El alcohol altera el metabolismo, aumenta el índice glucémico y puede interferir en la pérdida de peso y el control metabólico."
General,¿En qué se basa esta dieta?,"La dieta se basa en el control del índice glucémico, priorizando alimentos integrales, proteínas magras, frutas con bajo contenido en azúcar y evitando fritos o azúcares añadidos."
General,¿Puedo comer fuera de casa?,"Sí, siempre que elija opciones saludables como carnes a la plancha, ensaladas con aliños ligeros, pescados al horno y evite fritos, rebozados y bebidas alcohólicas."
General,¿Por qué no puedo beber alcohol?,"El alcohol altera el metabolismo, aumenta el índice glucémico y puede interferir en la pérdida de peso y el control metabólico."
General,¿En qué se basa esta dieta?,"La dieta se basa en el control del índice glucémico, priorizando alimentos integrales, proteínas magras, frutas con bajo contenido en azúcar y evitando fritos o azúcares añadidos."
General,¿Puedo comer fuera de casa?,"Sí, siempre que elija opciones saludables como carnes a la plancha, ensaladas con aliños ligeros, pescados al horno y evite fritos, rebozados y bebidas alcohólicas."
General,¿Por qué no puedo beber alcohol?,"El alcohol altera el metabolismo, aumenta el índice glucémico y puede interferir en la pérdida de peso y el control metabólico."
General,¿En qué se basa esta dieta?,"La dieta se basa en el control del índice glucémico, priorizando alimentos integrales, proteínas magras, frutas con bajo contenido en azúcar y evitando fritos o azúcares añadidos."
General,¿Puedo comer fuera de casa?,"Sí, siempre que elija opciones saludables como carnes a la plancha, ensaladas con aliños ligeros, pescados al horno y evite fritos, rebozados y bebidas alcohólicas."
General,¿Por qué no puedo beber alcohol?,"El alcohol altera el metabolismo, aumenta el índice glucémico y puede interferir en la pérdida de peso y el control metabólico."
General,¿En qué se basa esta dieta?,"La dieta se basa en el control del índice glucémico, priorizando alimentos integrales, proteínas magras, frutas con bajo contenido en azúcar y evitando fritos o azúcares añadidos."
General,¿Puedo comer fuera de casa?,"Sí, siempre que elija opciones saludables como carnes a la plancha, ensaladas con aliños ligeros, pescados al horno y evite fritos, rebozados y bebidas alcohólicas."
General,¿Por qué no puedo beber alcohol?,"El alcohol altera el metabolismo, aumenta el índice glucémico y puede interferir en la pérdida de peso y el control metabólico."
General,¿En qué se basa esta dieta?,"La dieta se basa en el control del índice glucémico, priorizando alimentos integrales, proteínas magras, frutas con bajo contenido en azúcar y evitando fritos o azúcares añadidos."
General,¿Puedo comer fuera de casa?,"Sí, siempre que elija opciones saludables como carnes a la plancha, ensaladas con aliños ligeros, pescados al horno y evite fritos, rebozados y bebidas alcohólicas."
General,¿Por qué no puedo beber alcohol?,"El alcohol altera el metabolismo, aumenta el índice glucémico y puede interferir en la pérdida de peso y el control metabólico."
General,¿En qué se basa esta dieta?,"La dieta se basa en el control del índice glucémico, priorizando alimentos integrales, proteínas magras, frutas con bajo contenido en azúcar y evitando fritos o azúcares añadidos."
General,¿Puedo comer fuera de casa?,"Sí, siempre que elija opciones saludables como carnes a la plancha, ensaladas con aliños ligeros, pescados al horno y evite fritos, rebozados y bebidas alcohólicas."
General,¿Por qué no puedo beber alcohol?,"El alcohol altera el metabolismo, aumenta el índice glucémico y puede interferir en la pérdida de peso y el control metabólico."
General,¿En qué se basa esta dieta?,"La dieta se basa en el control del índice glucémico, priorizando alimentos integrales, proteínas magras, frutas con bajo contenido en azúcar y evitando fritos o azúcares añadidos."
General,¿Puedo comer fuera de casa?,"Sí, siempre que elija opciones saludables como carnes a la plancha, ensaladas con aliños ligeros, pescados al horno y evite fritos, rebozados y bebidas alcohólicas."
General,¿Por qué no puedo beber alcohol?,"El alcohol altera el metabolismo, aumenta el índice glucémico y puede interferir en la pérdida de peso y el control metabólico."
General,¿En qué se basa esta dieta?,"La dieta se basa en el control del índice glucémico, priorizando alimentos integrales, proteínas magras, frutas con bajo contenido en azúcar y evitando fritos o azúcares añadidos."
General,¿Puedo comer fuera de casa?,"Sí, siempre que elija opciones saludables como carnes a la plancha, ensaladas con aliños ligeros, pescados al horno y evite fritos, rebozados y bebidas alcohólicas."
General,¿Por qué no puedo beber alcohol?,"El alcohol altera el metabolismo, aumenta el índice glucémico y puede interferir en la pérdida de peso y el control metabólico."
General,¿En qué se basa esta dieta?,"La dieta se basa en el control del índice glucémico, priorizando alimentos integrales, proteínas magras, frutas con bajo contenido en azúcar y evitando fritos o azúcares añadidos."
General,¿Puedo comer fuera de casa?,"Sí, siempre que elija opciones saludables como carnes a la plancha, ensaladas con aliños ligeros, pescados al horno y evite fritos, rebozados y bebidas alcohólicas."
General,¿Por qué no puedo beber alcohol?,"El alcohol altera el metabolismo, aumenta el índice glucémico y puede interferir en la pérdida de peso y el control metabólico."
General,¿En qué se basa esta dieta?,"La dieta se basa en el control del índice glucémico, priorizando alimentos integrales, proteínas magras, frutas con bajo contenido en azúcar y evitando fritos o azúcares añadidos."
General,¿Puedo comer fuera de casa?,"Sí, siempre que elija opciones saludables como carnes a la plancha, ensaladas con aliños ligeros, pescados al horno y evite fritos, rebozados y bebidas alcohólicas."
General,¿Por qué no puedo beber alcohol?,"El alcohol altera el metabolismo, aumenta el índice glucémico y puede interferir en la pérdida de peso y el control metabólico."
General,¿En qué se basa esta dieta?,"La dieta se basa en el control del índice glucémico, priorizando alimentos integrales, proteínas magras, frutas con bajo contenido en azúcar y evitando fritos o azúcares añadidos."
General,¿Puedo comer fuera de casa?,"Sí, siempre que elija opciones saludables como carnes a la plancha, ensaladas con aliños ligeros, pescados al horno y evite fritos, rebozados y bebidas alcohólicas."
General,¿Por qué no puedo beber alcohol?,"El alcohol altera el metabolismo, aumenta el índice glucémico y puede interferir en la pérdida de peso y el control metabólico."
General,¿En qué se basa esta dieta?,"La dieta se basa en el control del índice glucémico, priorizando alimentos integrales, proteínas magras, frutas con bajo contenido en azúcar y evitando fritos o azúcares añadidos."
General,¿Puedo comer fuera de casa?,"Sí, siempre que elija opciones saludables como carnes a la plancha, ensaladas con aliños ligeros, pescados al horno y evite fritos, rebozados y bebidas alcohólicas."
General,¿Por qué no puedo beber alcohol?,"El alcohol altera el metabolismo, aumenta el índice glucémico y puede interferir en la pérdida de peso y el control metabólico."
General,¿En qué se basa esta dieta?,"La dieta se basa en el control del índice glucémico, priorizando alimentos integrales, proteínas magras, frutas con bajo contenido en azúcar y evitando fritos o azúcares añadidos."
General,¿Puedo comer fuera de casa?,"Sí, siempre que elija opciones saludables como carnes a la plancha, ensaladas con aliños ligeros, pescados al horno y evite fritos, rebozados y bebidas alcohólicas."
General,¿Por qué no puedo beber alcohol?,"El alcohol altera el metabolismo, aumenta el índice glucémico y puede interferir en la pérdida de peso y el control metabólico."
General,¿En qué se basa esta dieta?,"La dieta se basa en el control del índice glucémico, priorizando alimentos integrales, proteínas magras, frutas con bajo contenido en azúcar y evitando fritos o azúcares añadidos."
General,¿Puedo comer fuera de casa?,"Sí, siempre que elija opciones saludables como carnes a la plancha, ensaladas con aliños ligeros, pescados al horno y evite fritos, rebozados y bebidas alcohólicas."
General,¿Por qué no puedo beber alcohol?,"El alcohol altera el metabolismo, aumenta el índice glucémico y puede interferir en la pérdida de peso y el control metabólico."
General,¿En qué se basa esta dieta?,"La dieta se basa en el control del índice glucémico, priorizando alimentos integrales, proteínas magras, frutas con bajo contenido en azúcar y evitando fritos o azúcares añadidos."
General,¿Puedo comer fuera de casa?,"Sí, siempre que elija opciones saludables como carnes a la plancha, ensaladas con aliños ligeros, pescados al horno y evite fritos, rebozados y bebidas alcohólicas."
General,¿Por qué no puedo beber alcohol?,"El alcohol altera el metabolismo, aumenta el índice glucémico y puede interferir en la pérdida de peso y el control metabólico."
General,¿En qué se basa esta dieta?,"La dieta se basa en el control del índice glucémico, priorizando alimentos integrales, proteínas magras, frutas con bajo contenido en azúcar y evitando fritos o azúcares añadidos."
General,¿Puedo comer fuera de casa?,"Sí, siempre que elija opciones saludables como carnes a la plancha, ensaladas con aliños ligeros, pescados al horno y evite fritos, rebozados y bebidas alcohólicas."
General,¿Por qué no puedo beber alcohol?,"El alcohol altera el metabolismo, aumenta el índice glucémico y puede interferir en la pérdida de peso y el control metabólico."
General,¿En qué se basa esta dieta?,"La dieta se basa en el control del índice glucémico, priorizando alimentos integrales, proteínas magras, frutas con bajo contenido en azúcar y evitando fritos o azúcares añadidos."
General,¿Puedo comer fuera de casa?,"Sí, siempre que elija opciones saludables como carnes a la plancha, ensaladas con aliños ligeros, pescados al horno y evite fritos, rebozados y bebidas alcohólicas."
General,¿Por qué no puedo beber alcohol?,"El alcohol altera el metabolismo, aumenta el índice glucémico y puede interferir en la pérdida de peso y el control metabólico."
General,¿En qué se basa esta dieta?,"La dieta se basa en el control del índice glucémico, priorizando alimentos integrales, proteínas magras, frutas con bajo contenido en azúcar y evitando fritos o azúcares añadidos."
General,¿Puedo comer fuera de casa?,"Sí, siempre que elija opciones saludables como carnes a la plancha, ensaladas con aliños ligeros, pescados al horno y evite fritos, rebozados y bebidas alcohólicas."
General,¿Por qué no puedo beber alcohol?,"El alcohol altera el metabolismo, aumenta el índice glucémico y puede interferir en la pérdida de peso y el control metabólico."
General,¿En qué se basa esta dieta?,"La dieta se basa en el control del índice glucémico, priorizando alimentos integrales, proteínas magras, frutas con bajo contenido en azúcar y evitando fritos o azúcares añadidos."
General,¿Puedo comer fuera de casa?,"Sí, siempre que elija opciones saludables como carnes a la plancha, ensaladas con aliños ligeros, pescados al horno y evite fritos, rebozados y bebidas alcohólicas."
General,¿Por qué no puedo beber alcohol?,"El alcohol altera el metabolismo, aumenta el índice glucémico y puede interferir en la pérdida de peso y el control metabólico."
General,¿En qué se basa esta dieta?,"La dieta se basa en el control del índice glucémico, priorizando alimentos integrales, proteínas magras, frutas con bajo contenido en azúcar y evitando fritos o azúcares añadidos."
General,¿Puedo comer fuera de casa?,"Sí, siempre que elija opciones saludables como carnes a la plancha, ensaladas con aliños ligeros, pescados al horno y evite fritos, rebozados y bebidas alcohólicas."
General,¿Por qué no puedo beber alcohol?,"El alcohol altera el metabolismo, aumenta el índice glucémico y puede interferir en la pérdida de peso y el control metabólico."
General,¿En qué se basa esta dieta?,"La dieta se basa en el control del índice glucémico, priorizando alimentos integrales, proteínas magras, frutas con bajo contenido en azúcar y evitando fritos o azúcares añadidos."
General,¿Puedo comer fuera de casa?,"Sí, siempre que elija opciones saludables como carnes a la plancha, ensaladas con aliños ligeros, pescados al horno y evite fritos, rebozados y bebidas alcohólicas."
General,¿Por qué no puedo beber alcohol?,"El alcohol altera el metabolismo, aumenta el índice glucémico y puede interferir en la pérdida de peso y el control metabólico."
General,¿En qué se basa esta dieta?,"La dieta se basa en el control del índice glucémico, priorizando alimentos integrales, proteínas magras, frutas con bajo contenido en azúcar y evitando fritos o azúcares añadidos."
General,¿Puedo comer fuera de casa?,"Sí, siempre que elija opciones saludables como carnes a la plancha, ensaladas con aliños ligeros, pescados al horno y evite fritos, rebozados y bebidas alcohólicas."
General,¿Por qué no puedo beber alcohol?,"El alcohol altera el metabolismo, aumenta el índice glucémico y puede interferir en la pérdida de peso y el control metabólico."
General,¿En qué se basa esta dieta?,"La dieta se basa en el control del índice glucémico, priorizando alimentos integrales, proteínas magras, frutas con bajo contenido en azúcar y evitando fritos o azúcares añadidos."
General,¿Puedo comer fuera de casa?,"Sí, siempre que elija opciones saludables como carnes a la plancha, ensaladas con aliños ligeros, pescados al horno y evite fritos, rebozados y bebidas alcohólicas."
General,¿Por qué no puedo beber alcohol?,"El alcohol altera el metabolismo, aumenta el índice glucémico y puede interferir en la pérdida de peso y el control metabólico."
General,¿En qué se basa esta dieta?,"La dieta se basa en el control del índice glucémico, priorizando alimentos integrales, proteínas magras, frutas con bajo contenido en azúcar y evitando fritos o azúcares añadidos."
General,¿Puedo comer fuera de casa?,"Sí, siempre que elija opciones saludables como carnes a la plancha, ensaladas con aliños ligeros, pescados al horno y evite fritos, rebozados y bebidas alcohólicas."
General,¿Por qué no puedo beber alcohol?,"El alcohol altera el metabolismo, aumenta el índice glucémico y puede interferir en la pérdida de peso y el control metabólico."
General,¿En qué se basa esta dieta?,"La dieta se basa en el control del índice glucémico, priorizando alimentos integrales, proteínas magras, frutas con bajo contenido en azúcar y evitando fritos o azúcares añadidos."
General,¿Puedo comer fuera de casa?,"Sí, siempre que elija opciones saludables como carnes a la plancha, ensaladas con aliños ligeros, pescados al horno y evite fritos, rebozados y bebidas alcohólicas."
General,¿Por qué no puedo beber alcohol?,"El alcohol altera el metabolismo, aumenta el índice glucémico y puede interferir en la pérdida de peso y el control metabólico."
General,¿En qué se basa esta dieta?,"La dieta se basa en el control del índice glucémico, priorizando alimentos integrales, proteínas magras, frutas con bajo contenido en azúcar y evitando fritos o azúcares añadidos."
General,¿Puedo comer fuera de casa?,"Sí, siempre que elija opciones saludables como carnes a la plancha, ensaladas con aliños ligeros, pescados al horno y evite fritos, rebozados y bebidas alcohólicas."
General,¿Por qué no puedo beber alcohol?,"El alcohol altera el metabolismo, aumenta el índice glucémico y puede interferir en la pérdida de peso y el control metabólico."
General,¿En qué se basa esta dieta?,"La dieta se basa en el control del índice glucémico, priorizando alimentos integrales, proteínas magras, frutas con bajo contenido en azúcar y evitando fritos o azúcares añadidos."
General,¿Puedo comer fuera de casa?,"Sí, siempre que elija opciones saludables como carnes a la plancha, ensaladas con aliños ligeros, pescados al horno y evite fritos, rebozados y bebidas alcohólicas."
General,¿Por qué no puedo beber alcohol?,"El alcohol altera el metabolismo, aumenta el índice glucémico y puede interferir en la pérdida de peso y el control metabólico."
General,¿En qué se basa esta dieta?,"La dieta se basa en el control del índice glucémico, priorizando alimentos integrales, proteínas magras, frutas con bajo contenido en azúcar y evitando fritos o azúcares añadidos."
General,¿Puedo comer fuera de casa?,"Sí, siempre que elija opciones saludables como carnes a la plancha, ensaladas con aliños ligeros, pescados al horno y evite fritos, rebozados y bebidas alcohólicas."
General,¿Por qué no puedo beber alcohol?,"El alcohol altera el metabolismo, aumenta el índice glucémico y puede interferir en la pérdida de peso y el control metabólico."
General,¿En qué se basa esta dieta?,"La dieta se basa en el control del índice glucémico, priorizando alimentos integrales, proteínas magras, frutas con bajo contenido en azúcar y evitando fritos o azúcares añadidos."
General,¿Puedo comer fuera de casa?,"Sí, siempre que elija opciones saludables como carnes a la plancha, ensaladas con aliños ligeros, pescados al horno y evite fritos, rebozados y bebidas alcohólicas."
General,¿Por qué no puedo beber alcohol?,"El alcohol altera el metabolismo, aumenta el índice glucémico y puede interferir en la pérdida de peso y el control metabólico."
General,¿En qué se basa esta dieta?,"La dieta se basa en el control del índice glucémico, priorizando alimentos integrales, proteínas magras, frutas con bajo contenido en azúcar y evitando fritos o azúcares añadidos."
General,¿Puedo comer fuera de casa?,"Sí, siempre que elija opciones saludables como carnes a la plancha, ensaladas con aliños ligeros, pescados al horno y evite fritos, rebozados y bebidas alcohólicas."
General,¿Por qué no puedo beber alcohol?,"El alcohol altera el metabolismo, aumenta el índice glucémico y puede interferir en la pérdida de peso y el control metabólico."
General,¿En qué se basa esta dieta?,"La dieta se basa en el control del índice glucémico, priorizando alimentos integrales, proteínas magras, frutas con bajo contenido en azúcar y evitando fritos o azúcares añadidos."
General,¿Puedo comer fuera de casa?,"Sí, siempre que elija opciones saludables como carnes a la plancha, ensaladas con aliños ligeros, pescados al horno y evite fritos, rebozados y bebidas alcohólicas."
General,¿Por qué no puedo beber alcohol?,"El alcohol altera el metabolismo, aumenta el índice glucémico y puede interferir en la pérdida de peso y el control metabólico."
Frutas,¿Por qué no puedo comer sandía todos los días?,La sandía tiene un índice glucémico alto; solo se recomienda una vez por semana.
Frutas,¿Puedo comer plátano?,"Sí, está permitido un plátano al día dentro de las frutas permitidas."
Frutas,¿Qué frutas son las más recomendables?,"Manzana, pera, cítricos, frutos rojos y kiwi, ya que tienen bajo índice glucémico y alto contenido en fibra."
Frutas,¿Por qué no puedo comer sandía todos los días?,La sandía tiene un índice glucémico alto; solo se recomienda una vez por semana.
Frutas,¿Puedo comer plátano?,"Sí, está permitido un plátano al día dentro de las frutas permitidas."
Frutas,¿Qué frutas son las más recomendables?,"Manzana, pera, cítricos, frutos rojos y kiwi, ya que tienen bajo índice glucémico y alto contenido en fibra."
Frutas,¿Por qué no puedo comer sandía todos los días?,La sandía tiene un índice glucémico alto; solo se recomienda una vez por semana.
Frutas,¿Puedo comer plátano?,"Sí, está permitido un plátano al día dentro de las frutas permitidas."
Frutas,¿Qué frutas son las más recomendables?,"Manzana, pera, cítricos, frutos rojos y kiwi, ya que tienen bajo índice glucémico y alto contenido en fibra."
Frutas,¿Por qué no puedo comer sandía todos los días?,La sandía tiene un índice glucémico alto; solo se recomienda una vez por semana.
Frutas,¿Puedo comer plátano?,"Sí, está permitido un plátano al día dentro de las frutas permitidas."
Frutas,¿Qué frutas son las más recomendables?,"Manzana, pera, cítricos, frutos rojos y kiwi, ya que tienen bajo índice glucémico y alto contenido en fibra."
Frutas,¿Por qué no puedo comer sandía todos los días?,La sandía tiene un índice glucémico alto; solo se recomienda una vez por semana.
Frutas,¿Puedo comer plátano?,"Sí, está permitido un plátano al día dentro de las frutas permitidas."
Frutas,¿Qué frutas son las más recomendables?,"Manzana, pera, cítricos, frutos rojos y kiwi, ya que tienen bajo índice glucémico y alto contenido en fibra."
Frutas,¿Por qué no puedo comer sandía todos los días?,La sandía tiene un índice glucémico alto; solo se recomienda una vez por semana.
Frutas,¿Puedo comer plátano?,"Sí, está permitido un plátano al día dentro de las frutas permitidas."
Frutas,¿Qué frutas son las más recomendables?,"Manzana, pera, cítricos, frutos rojos y kiwi, ya que tienen bajo índice glucémico y alto contenido en fibra."
Frutas,¿Por qué no puedo comer sandía todos los días?,La sandía tiene un índice glucémico alto; solo se recomienda una vez por semana.
Frutas,¿Puedo comer plátano?,"Sí, está permitido un plátano al día dentro de las frutas permitidas."
Frutas,¿Qué frutas son las más recomendables?,"Manzana, pera, cítricos, frutos rojos y kiwi, ya que tienen bajo índice glucémico y alto contenido en fibra."
Frutas,¿Por qué no puedo comer sandía todos los días?,La sandía tiene un índice glucémico alto; solo se recomienda una vez por semana.
Frutas,¿Puedo comer plátano?,"Sí, está permitido un plátano al día dentro de las frutas permitidas."
Frutas,¿Qué frutas son las más recomendables?,"Manzana, pera, cítricos, frutos rojos y kiwi, ya que tienen bajo índice glucémico y alto contenido en fibra."
Frutas,¿Por qué no puedo comer sandía todos los días?,La sandía tiene un índice glucémico alto; solo se recomienda una vez por semana.
Frutas,¿Puedo comer plátano?,"Sí, está permitido un plátano al día dentro de las frutas permitidas."
Frutas,¿Qué frutas son las más recomendables?,"Manzana, pera, cítricos, frutos rojos y kiwi, ya que tienen bajo índice glucémico y alto contenido en fibra."
Frutas,¿Por qué no puedo comer sandía todos los días?,La sandía tiene un índice glucémico alto; solo se recomienda una vez por semana.
Frutas,¿Puedo comer plátano?,"Sí, está permitido un plátano al día dentro de las frutas permitidas."
Frutas,¿Qué frutas son las más recomendables?,"Manzana, pera, cítricos, frutos rojos y kiwi, ya que tienen bajo índice glucémico y alto contenido en fibra."
Frutas,¿Por qué no puedo comer sandía todos los días?,La sandía tiene un índice glucémico alto; solo se recomienda una vez por semana.
Frutas,¿Puedo comer plátano?,"Sí, está permitido un plátano al día dentro de las frutas permitidas."
Frutas,¿Qué frutas son las más recomendables?,"Manzana, pera, cítricos, frutos rojos y kiwi, ya que tienen bajo índice glucémico y alto contenido en fibra."
Frutas,¿Por qué no puedo comer sandía todos los días?,La sandía tiene un índice glucémico alto; solo se recomienda una vez por semana.
Frutas,¿Puedo comer plátano?,"Sí, está permitido un plátano al día dentro de las frutas permitidas."
Frutas,¿Qué frutas son las más recomendables?,"Manzana, pera, cítricos, frutos rojos y kiwi, ya que tienen bajo índice glucémico y alto contenido en fibra."
Frutas,¿Por qué no puedo comer sandía todos los días?,La sandía tiene un índice glucémico alto; solo se recomienda una vez por semana.
Frutas,¿Puedo comer plátano?,"Sí, está permitido un plátano al día dentro de las frutas permitidas."
Frutas,¿Qué frutas son las más recomendables?,"Manzana, pera, cítricos, frutos rojos y kiwi, ya que tienen bajo índice glucémico y alto contenido en fibra."
Frutas,¿Por qué no puedo comer sandía todos los días?,La sandía tiene un índice glucémico alto; solo se recomienda una vez por semana.
Frutas,¿Puedo comer plátano?,"Sí, está permitido un plátano al día dentro de las frutas permitidas."
Frutas,¿Qué frutas son las más recomendables?,"Manzana, pera, cítricos, frutos rojos y kiwi, ya que tienen bajo índice glucémico y alto contenido en fibra."
Frutas,¿Por qué no puedo comer sandía todos los días?,La sandía tiene un índice glucémico alto; solo se recomienda una vez por semana.
Frutas,¿Puedo comer plátano?,"Sí, está permitido un plátano al día dentro de las frutas permitidas."
Frutas,¿Qué frutas son las más recomendables?,"Manzana, pera, cítricos, frutos rojos y kiwi, ya que tienen bajo índice glucémico y alto contenido en fibra."
Frutas,¿Por qué no puedo comer sandía todos los días?,La sandía tiene un índice glucémico alto; solo se recomienda una vez por semana.
Frutas,¿Puedo comer plátano?,"Sí, está permitido un plátano al día dentro de las frutas permitidas."
Frutas,¿Qué frutas son las más recomendables?,"Manzana, pera, cítricos, frutos rojos y kiwi, ya que tienen bajo índice glucémico y alto contenido en fibra."
Frutas,¿Por qué no puedo comer sandía todos los días?,La sandía tiene un índice glucémico alto; solo se recomienda una vez por semana.
Frutas,¿Puedo comer plátano?,"Sí, está permitido un plátano al día dentro de las frutas permitidas."
Frutas,¿Qué frutas son las más recomendables?,"Manzana, pera, cítricos, frutos rojos y kiwi, ya que tienen bajo índice glucémico y alto contenido en fibra."
Frutas,¿Por qué no puedo comer sandía todos los días?,La sandía tiene un índice glucémico alto; solo se recomienda una vez por semana.
Frutas,¿Puedo comer plátano?,"Sí, está permitido un plátano al día dentro de las frutas permitidas."
Frutas,¿Qué frutas son las más recomendables?,"Manzana, pera, cítricos, frutos rojos y kiwi, ya que tienen bajo índice glucémico y alto contenido en fibra."
Frutas,¿Por qué no puedo comer sandía todos los días?,La sandía tiene un índice glucémico alto; solo se recomienda una vez por semana.
Frutas,¿Puedo comer plátano?,"Sí, está permitido un plátano al día dentro de las frutas permitidas."
Frutas,¿Qué frutas son las más recomendables?,"Manzana, pera, cítricos, frutos rojos y kiwi, ya que tienen bajo índice glucémico y alto contenido en fibra."
Frutas,¿Por qué no puedo comer sandía todos los días?,La sandía tiene un índice glucémico alto; solo se recomienda una vez por semana.
Frutas,¿Puedo comer plátano?,"Sí, está permitido un plátano al día dentro de las frutas permitidas."
Frutas,¿Qué frutas son las más recomendables?,"Manzana, pera, cítricos, frutos rojos y kiwi, ya que tienen bajo índice glucémico y alto contenido en fibra."
Frutas,¿Por qué no puedo comer sandía todos los días?,La sandía tiene un índice glucémico alto; solo se recomienda una vez por semana.
Frutas,¿Puedo comer plátano?,"Sí, está permitido un plátano al día dentro de las frutas permitidas."
Frutas,¿Qué frutas son las más recomendables?,"Manzana, pera, cítricos, frutos rojos y kiwi, ya que tienen bajo índice glucémico y alto contenido en fibra."
Frutas,¿Por qué no puedo comer sandía todos los días?,La sandía tiene un índice glucémico alto; solo se recomienda una vez por semana.
Frutas,¿Puedo comer plátano?,"Sí, está permitido un plátano al día dentro de las frutas permitidas."
Frutas,¿Qué frutas son las más recomendables?,"Manzana, pera, cítricos, frutos rojos y kiwi, ya que tienen bajo índice glucémico y alto contenido en fibra."
Frutas,¿Por qué no puedo comer sandía todos los días?,La sandía tiene un índice glucémico alto; solo se recomienda una vez por semana.
Frutas,¿Puedo comer plátano?,"Sí, está permitido un plátano al día dentro de las frutas permitidas."
Frutas,¿Qué frutas son las más recomendables?,"Manzana, pera, cítricos, frutos rojos y kiwi, ya que tienen bajo índice glucémico y alto contenido en fibra."
Frutas,¿Por qué no puedo comer sandía todos los días?,La sandía tiene un índice glucémico alto; solo se recomienda una vez por semana.
Frutas,¿Puedo comer plátano?,"Sí, está permitido un plátano al día dentro de las frutas permitidas."
Frutas,¿Qué frutas son las más recomendables?,"Manzana, pera, cítricos, frutos rojos y kiwi, ya que tienen bajo índice glucémico y alto contenido en fibra."
Frutas,¿Por qué no puedo comer sandía todos los días?,La sandía tiene un índice glucémico alto; solo se recomienda una vez por semana.
Frutas,¿Puedo comer plátano?,"Sí, está permitido un plátano al día dentro de las frutas permitidas."
Frutas,¿Qué frutas son las más recomendables?,"Manzana, pera, cítricos, frutos rojos y kiwi, ya que tienen bajo índice glucémico y alto contenido en fibra."
Frutas,¿Por qué no puedo comer sandía todos los días?,La sandía tiene un índice glucémico alto; solo se recomienda una vez por semana.
Frutas,¿Puedo comer plátano?,"Sí, está permitido un plátano al día dentro de las frutas permitidas."
Frutas,¿Qué frutas son las más recomendables?,"Manzana, pera, cítricos, frutos rojos y kiwi, ya que tienen bajo índice glucémico y alto contenido en fibra."
Frutas,¿Por qué no puedo comer sandía todos los días?,La sandía tiene un índice glucémico alto; solo se recomienda una vez por semana.
Frutas,¿Puedo comer plátano?,"Sí, está permitido un plátano al día dentro de las frutas permitidas."
Frutas,¿Qué frutas son las más recomendables?,"Manzana, pera, cítricos, frutos rojos y kiwi, ya que tienen bajo índice glucémico y alto contenido en fibra."
Frutas,¿Por qué no puedo comer sandía todos los días?,La sandía tiene un índice glucémico alto; solo se recomienda una vez por semana.
Frutas,¿Puedo comer plátano?,"Sí, está permitido un plátano al día dentro de las frutas permitidas."
Frutas,¿Qué frutas son las más recomendables?,"Manzana, pera, cítricos, frutos rojos y kiwi, ya que tienen bajo índice glucémico y alto contenido en fibra."
Frutas,¿Por qué no puedo comer sandía todos los días?,La sandía tiene un índice glucémico alto; solo se recomienda una vez por semana.
Frutas,¿Puedo comer plátano?,"Sí, está permitido un plátano al día dentro de las frutas permitidas."
Frutas,¿Qué frutas son las más recomendables?,"Manzana, pera, cítricos, frutos rojos y kiwi, ya que tienen bajo índice glucémico y alto contenido en fibra."
Frutas,¿Por qué no puedo comer sandía todos los días?,La sandía tiene un índice glucémico alto; solo se recomienda una vez por semana.
Frutas,¿Puedo comer plátano?,"Sí, está permitido un plátano al día dentro de las frutas permitidas."
Frutas,¿Qué frutas son las más recomendables?,"Manzana, pera, cítricos, frutos rojos y kiwi, ya que tienen bajo índice glucémico y alto contenido en fibra."
Frutas,¿Por qué no puedo comer sandía todos los días?,La sandía tiene un índice glucémico alto; solo se recomienda una vez por semana.
Frutas,¿Puedo comer plátano?,"Sí, está permitido un plátano al día dentro de las frutas permitidas."
Frutas,¿Qué frutas son las más recomendables?,"Manzana, pera, cítricos, frutos rojos y kiwi, ya que tienen bajo índice glucémico y alto contenido en fibra."
Frutas,¿Por qué no puedo comer sandía todos los días?,La sandía tiene un índice glucémico alto; solo se recomienda una vez por semana.
Frutas,¿Puedo comer plátano?,"Sí, está permitido un plátano al día dentro de las frutas permitidas."
Frutas,¿Qué frutas son las más recomendables?,"Manzana, pera, cítricos, frutos rojos y kiwi, ya que tienen bajo índice glucémico y alto contenido en fibra."
Frutas,¿Por qué no puedo comer sandía todos los días?,La sandía tiene un índice glucémico alto; solo se recomienda una vez por semana.
Frutas,¿Puedo comer plátano?,"Sí, está permitido un plátano al día dentro de las frutas permitidas."
Frutas,¿Qué frutas son las más recomendables?,"Manzana, pera, cítricos, frutos rojos y kiwi, ya que tienen bajo índice glucémico y alto contenido en fibra."
Frutas,¿Por qué no puedo comer sandía todos los días?,La sandía tiene un índice glucémico alto; solo se recomienda una vez por semana.
Frutas,¿Puedo comer plátano?,"Sí, está permitido un plátano al día dentro de las frutas permitidas."
Frutas,¿Qué frutas son las más recomendables?,"Manzana, pera, cítricos, frutos rojos y kiwi, ya que tienen bajo índice glucémico y alto contenido en fibra."
Frutas,¿Por qué no puedo comer sandía todos los días?,La sandía tiene un índice glucémico alto; solo se recomienda una vez por semana.
Frutas,¿Puedo comer plátano?,"Sí, está permitido un plátano al día dentro de las frutas permitidas."
Frutas,¿Qué frutas son las más recomendables?,"Manzana, pera, cítricos, frutos rojos y kiwi, ya que tienen bajo índice glucémico y alto contenido en fibra."
Frutas,¿Por qué no puedo comer sandía todos los días?,La sandía tiene un índice glucémico alto; solo se recomienda una vez por semana.
Frutas,¿Puedo comer plátano?,"Sí, está permitido un plátano al día dentro de las frutas permitidas."
Frutas,¿Qué frutas son las más recomendables?,"Manzana, pera, cítricos, frutos rojos y kiwi, ya que tienen bajo índice glucémico y alto contenido en fibra."
Frutas,¿Por qué no puedo comer sandía todos los días?,La sandía tiene un índice glucémico alto; solo se recomienda una vez por semana.
Frutas,¿Puedo comer plátano?,"Sí, está permitido un plátano al día dentro de las frutas permitidas."
Frutas,¿Qué frutas son las más recomendables?,"Manzana, pera, cítricos, frutos rojos y kiwi, ya que tienen bajo índice glucémico y alto contenido en fibra."
Frutas,¿Por qué no puedo comer sandía todos los días?,La sandía tiene un índice glucémico alto; solo se recomienda una vez por semana.
Frutas,¿Puedo comer plátano?,"Sí, está permitido un plátano al día dentro de las frutas permitidas."
Frutas,¿Qué frutas son las más recomendables?,"Manzana, pera, cítricos, frutos rojos y kiwi, ya que tienen bajo índice glucémico y alto contenido en fibra."
Frutas,¿Por qué no puedo comer sandía todos los días?,La sandía tiene un índice glucémico alto; solo se recomienda una vez por semana.
Frutas,¿Puedo comer plátano?,"Sí, está permitido un plátano al día dentro de las frutas permitidas."
Frutas,¿Qué frutas son las más recomendables?,"Manzana, pera, cítricos, frutos rojos y kiwi, ya que tienen bajo índice glucémico y alto contenido en fibra."
Frutas,¿Por qué no puedo comer sandía todos los días?,La sandía tiene un índice glucémico alto; solo se recomienda una vez por semana.
Frutas,¿Puedo comer plátano?,"Sí, está permitido un plátano al día dentro de las frutas permitidas."
Frutas,¿Qué frutas son las más recomendables?,"Manzana, pera, cítricos, frutos rojos y kiwi, ya que tienen bajo índice glucémico y alto contenido en fibra."
Frutas,¿Por qué no puedo comer sandía todos los días?,La sandía tiene un índice glucémico alto; solo se recomienda una vez por semana.
Frutas,¿Puedo comer plátano?,"Sí, está permitido un plátano al día dentro de las frutas permitidas."
Frutas,¿Qué frutas son las más recomendables?,"Manzana, pera, cítricos, frutos rojos y kiwi, ya que tienen bajo índice glucémico y alto contenido en fibra."
Frutas,¿Por qué no puedo comer sandía todos los días?,La sandía tiene un índice glucémico alto; solo se recomienda una vez por semana.
Frutas,¿Puedo comer plátano?,"Sí, está permitido un plátano al día dentro de las frutas permitidas."
Frutas,¿Qué frutas son las más recomendables?,"Manzana, pera, cítricos, frutos rojos y kiwi, ya que tienen bajo índice glucémico y alto contenido en fibra."
Frutas,¿Por qué no puedo comer sandía todos los días?,La sandía tiene un índice glucémico alto; solo se recomienda una vez por semana.
Frutas,¿Puedo comer plátano?,"Sí, está permitido un plátano al día dentro de las frutas permitidas."
Frutas,¿Qué frutas son las más recomendables?,"Manzana, pera, cítricos, frutos rojos y kiwi, ya que tienen bajo índice glucémico y alto contenido en fibra."
Frutas,¿Por qué no puedo comer sandía todos los días?,La sandía tiene un índice glucémico alto; solo se recomienda una vez por semana.
Frutas,¿Puedo comer plátano?,"Sí, está permitido un plátano al día dentro de las frutas permitidas."
Frutas,¿Qué frutas son las más recomendables?,"Manzana, pera, cítricos, frutos rojos y kiwi, ya que tienen bajo índice glucémico y alto contenido en fibra."
Frutas,¿Por qué no puedo comer sandía todos los días?,La sandía tiene un índice glucémico alto; solo se recomienda una vez por semana.
Frutas,¿Puedo comer plátano?,"Sí, está permitido un plátano al día dentro de las frutas permitidas."
Frutas,¿Qué frutas son las más recomendables?,"Manzana, pera, cítricos, frutos rojos y kiwi, ya que tienen bajo índice glucémico y alto contenido en fibra."
Frutas,¿Por qué no puedo comer sandía todos los días?,La sandía tiene un índice glucémico alto; solo se recomienda una vez por semana.
Frutas,¿Puedo comer plátano?,"Sí, está permitido un plátano al día dentro de las frutas permitidas."
Frutas,¿Qué frutas son las más recomendables?,"Manzana, pera, cítricos, frutos rojos y kiwi, ya que tienen bajo índice glucémico y alto contenido en fibra."
Frutas,¿Por qué no puedo comer sandía todos los días?,La sandía tiene un índice glucémico alto; solo se recomienda una vez por semana.
Frutas,¿Puedo comer plátano?,"Sí, está permitido un plátano al día dentro de las frutas permitidas."
Frutas,¿Qué frutas son las más recomendables?,"Manzana, pera, cítricos, frutos rojos y kiwi, ya que tienen bajo índice glucémico y alto contenido en fibra."
Frutas,¿Por qué no puedo comer sandía todos los días?,La sandía tiene un índice glucémico alto; solo se recomienda una vez por semana.
Frutas,¿Puedo comer plátano?,"Sí, está permitido un plátano al día dentro de las frutas permitidas."
Frutas,¿Qué frutas son las más recomendables?,"Manzana, pera, cítricos, frutos rojos y kiwi, ya que tienen bajo índice glucémico y alto contenido en fibra."
Frutas,¿Por qué no puedo comer sandía todos los días?,La sandía tiene un índice glucémico alto; solo se recomienda una vez por semana.
Frutas,¿Puedo comer plátano?,"Sí, está permitido un plátano al día dentro de las frutas permitidas."
Frutas,¿Qué frutas son las más recomendables?,"Manzana, pera, cítricos, frutos rojos y kiwi, ya que tienen bajo índice glucémico y alto contenido en fibra."
Frutas,¿Por qué no puedo comer sandía todos los días?,La sandía tiene un índice glucémico alto; solo se recomienda una vez por semana.
Frutas,¿Puedo comer plátano?,"Sí, está permitido un plátano al día dentro de las frutas permitidas."
Frutas,¿Qué frutas son las más recomendables?,"Manzana, pera, cítricos, frutos rojos y kiwi, ya que tienen bajo índice glucémico y alto contenido en fibra."
Frutas,¿Por qué no puedo comer sandía todos los días?,La sandía tiene un índice glucémico alto; solo se recomienda una vez por semana.
Frutas,¿Puedo comer plátano?,"Sí, está permitido un plátano al día dentro de las frutas permitidas."
Frutas,¿Qué frutas son las más recomendables?,"Manzana, pera, cítricos, frutos rojos y kiwi, ya que tienen bajo índice glucémico y alto contenido en fibra."
Frutas,¿Por qué no puedo comer sandía todos los días?,La sandía tiene un índice glucémico alto; solo se recomienda una vez por semana.
Frutas,¿Puedo comer plátano?,"Sí, está permitido un plátano al día dentro de las frutas permitidas."
Frutas,¿Qué frutas son las más recomendables?,"Manzana, pera, cítricos, frutos rojos y kiwi, ya que tienen bajo índice glucémico y alto contenido en fibra."
Frutas,¿Por qué no puedo comer sandía todos los días?,La sandía tiene un índice glucémico alto; solo se recomienda una vez por semana.
Frutas,¿Puedo comer plátano?,"Sí, está permitido un plátano al día dentro de las frutas permitidas."
Frutas,¿Qué frutas son las más recomendables?,"Manzana, pera, cítricos, frutos rojos y kiwi, ya que tienen bajo índice glucémico y alto contenido en fibra."
Frutas,¿Por qué no puedo comer sandía todos los días?,La sandía tiene un índice glucémico alto; solo se recomienda una vez por semana.
Frutas,¿Puedo comer plátano?,"Sí, está permitido un plátano al día dentro de las frutas permitidas."
Frutas,¿Qué frutas son las más recomendables?,"Manzana, pera, cítricos, frutos rojos y kiwi, ya que tienen bajo índice glucémico y alto contenido en fibra."
Frutas,¿Por qué no puedo comer sandía todos los días?,La sandía tiene un índice glucémico alto; solo se recomienda una vez por semana.
Frutas,¿Puedo comer plátano?,"Sí, está permitido un plátano al día dentro de las frutas permitidas."
Frutas,¿Qué frutas son las más recomendables?,"Manzana, pera, cítricos, frutos rojos y kiwi, ya que tienen bajo índice glucémico y alto contenido en fibra."
Frutas,¿Por qué no puedo comer sandía todos los días?,La sandía tiene un índice glucémico alto; solo se recomienda una vez por semana.
Frutas,¿Puedo comer plátano?,"Sí, está permitido un plátano al día dentro de las frutas permitidas."
Frutas,¿Qué frutas son las más recomendables?,"Manzana, pera, cítricos, frutos rojos y kiwi, ya que tienen bajo índice glucémico y alto contenido en fibra."
Frutas,¿Por qué no puedo comer sandía todos los días?,La sandía tiene un índice glucémico alto; solo se recomienda una vez por semana.
Frutas,¿Puedo comer plátano?,"Sí, está permitido un plátano al día dentro de las frutas permitidas."
Frutas,¿Qué frutas son las más recomendables?,"Manzana, pera, cítricos, frutos rojos y kiwi, ya que tienen bajo índice glucémico y alto contenido en fibra."
Frutas,¿Por qué no puedo comer sandía todos los días?,La sandía tiene un índice glucémico alto; solo se recomienda una vez por semana.
Frutas,¿Puedo comer plátano?,"Sí, está permitido un plátano al día dentro de las frutas permitidas."
Frutas,¿Qué frutas son las más recomendables?,"Manzana, pera, cítricos, frutos rojos y kiwi, ya que tienen bajo índice glucémico y alto contenido en fibra."
Frutas,¿Por qué no puedo comer sandía todos los días?,La sandía tiene un índice glucémico alto; solo se recomienda una vez por semana.
Frutas,¿Puedo comer plátano?,"Sí, está permitido un plátano al día dentro de las frutas permitidas."
Frutas,¿Qué frutas son las más recomendables?,"Manzana, pera, cítricos, frutos rojos y kiwi, ya que tienen bajo índice glucémico y alto contenido en fibra."
Frutas,¿Por qué no puedo comer sandía todos los días?,La sandía tiene un índice glucémico alto; solo se recomienda una vez por semana.
Frutas,¿Puedo comer plátano?,"Sí, está permitido un plátano al día dentro de las frutas permitidas."
Frutas,¿Qué frutas son las más recomendables?,"Manzana, pera, cítricos, frutos rojos y kiwi, ya que tienen bajo índice glucémico y alto contenido en fibra."
Frutas,¿Por qué no puedo comer sandía todos los días?,La sandía tiene un índice glucémico alto; solo se recomienda una vez por semana.
Frutas,¿Puedo comer plátano?,"Sí, está permitido un plátano al día dentro de las frutas permitidas."
Frutas,¿Qué frutas son las más recomendables?,"Manzana, pera, cítricos, frutos rojos y kiwi, ya que tienen bajo índice glucémico y alto contenido en fibra."
Frutas,¿Por qué no puedo comer sandía todos los días?,La sandía tiene un índice glucémico alto; solo se recomienda una vez por semana.
Frutas,¿Puedo comer plátano?,"Sí, está permitido un plátano al día dentro de las frutas permitidas."
Frutas,¿Qué frutas son las más recomendables?,"Manzana, pera, cítricos, frutos rojos y kiwi, ya que tienen bajo índice glucémico y alto contenido en fibra."
Frutas,¿Por qué no puedo comer sandía todos los días?,La sandía tiene un índice glucémico alto; solo se recomienda una vez por semana.
Frutas,¿Puedo comer plátano?,"Sí, está permitido un plátano al día dentro de las frutas permitidas."
Frutas,¿Qué frutas son las más recomendables?,"Manzana, pera, cítricos, frutos rojos y kiwi, ya que tienen bajo índice glucémico y alto contenido en fibra."
Frutas,¿Por qué no puedo comer sandía todos los días?,La sandía tiene un índice glucémico alto; solo se recomienda una vez por semana.
Frutas,¿Puedo comer plátano?,"Sí, está permitido un plátano al día dentro de las frutas permitidas."
Frutas,¿Qué frutas son las más recomendables?,"Manzana, pera, cítricos, frutos rojos y kiwi, ya que tienen bajo índice glucémico y alto contenido en fibra."
Frutas,¿Por qué no puedo comer sandía todos los días?,La sandía tiene un índice glucémico alto; solo se recomienda una vez por semana.
Frutas,¿Puedo comer plátano?,"Sí, está permitido un plátano al día dentro de las frutas permitidas."
Frutas,¿Qué frutas son las más recomendables?,"Manzana, pera, cítricos, frutos rojos y kiwi, ya que tienen bajo índice glucémico y alto contenido en fibra."
Frutas,¿Por qué no puedo comer sandía todos los días?,La sandía tiene un índice glucémico alto; solo se recomienda una vez por semana.
Frutas,¿Puedo comer plátano?,"Sí, está permitido un plátano al día dentro de las frutas permitidas."
Frutas,¿Qué frutas son las más recomendables?,"Manzana, pera, cítricos, frutos rojos y kiwi, ya que tienen bajo índice glucémico y alto contenido en fibra."
Frutas,¿Por qué no puedo comer sandía todos los días?,La sandía tiene un índice glucémico alto; solo se recomienda una vez por semana.
Frutas,¿Puedo comer plátano?,"Sí, está permitido un plátano al día dentro de las frutas permitidas."
